campaign_id,platform,account_id,campaign_name,objective,spend,impressions,reach,clicks,leads,conversions,revenue,approved_budget,target_conversions,target_CPA,target_revenue,target_ROAS,ctr,cpc,cpm,conversion_rate,cpa,cpl,roas,roi,budget_utilization
GGL-CAM-001,Google Ads,GGL-ACC-001,Google Campaign 01,Lead Generation,113891.93,9660316,109595,456772,54780,27040,4525412.2,159450,294,39.82,52002.64,3.8,4.7283339385585315,0.24934087465956756,11.789669199227022,5.919802439729231,4.211979659763314,2.0790786783497626,39.73426563234112,3873.426563234112,71.42798996550643
GGL-CAM-002,Google Ads,GGL-ACC-001,Google Campaign 02,Conversions,91600.29,7723773,81553,350278,43868,21904,3561447.46,126138,493,30.36,49894.21,3.95,4.5350633686412065,0.2615074026915764,11.85952642575073,6.253318792501955,4.181897826880935,2.088089039846813,38.88030769334901,3788.030769334901,72.61910764400893
GGL-CAM-003,Google Ads,GGL-ACC-001,Google Campaign 03,Lead Generation,128972.34,11500487,120562,515277,64462,32273,5337933.37,155634,128,25.67,83442.95,3.83,4.480479826636906,0.2502971023352488,11.214511176787557,6.263233173613416,3.996292256685155,2.0007498991654,41.38820285031659,4038.820285031659,82.86900034696788
GGL-CAM-004,Google Ads,GGL-ACC-001,Google Campaign 04,Lead Generation,22490.1,1929528,22652,89940,10898,5439,908567.59,31134,134,83.75,23115.56,2.27,4.661243578740501,0.2500567044696464,11.655752080301504,6.04736490993996,4.134969663541092,2.063690585428519,40.398557142920666,3939.8557142920668,72.23646174600115
GGL-CAM-005,Google Ads,GGL-ACC-001,Google Campaign 05,Website Traffic,54936.94,4775647,53905,214999,27473,13803,2166582.24,83028,168,31.18,60986.92,2.51,4.501986851205711,0.2555218396364634,11.503559622392526,6.420029860604003,3.980072448018547,1.9996702216721873,39.43762138917821,3843.762138917821,66.1667630197042
GGL-CAM-006,Google Ads,GGL-ACC-001,Google Campaign 06,Conversions,145471.7,12686664,133135,575196,70967,35819,5853151.32,165714,343,36.59,52278.6,3.32,4.533863275641256,0.2529080522117678,11.466505300368956,6.227268618001516,4.061299868784723,2.049849930249271,40.23567003066576,3923.567003066576,87.78479790482399
GGL-CAM-007,Google Ads,GGL-ACC-001,Google Campaign 07,Conversions,35711.83,3103228,40021,135602,17421,8678,1417273.01,53658,339,65.39,20560.91,4.27,4.369707929936182,0.2633576938393239,11.50796203179399,6.399610625212017,4.115214335100254,2.0499299695769473,39.686373115015385,3868.6373115015385,66.55453054530545
GGL-CAM-008,Google Ads,GGL-ACC-001,Google Campaign 08,Conversions,23020.99,1971736,22702,87405,10517,5200,860579.07,30966,269,113.03,13823.18,3.19,4.432895681774842,0.26338298724329273,11.675493068037506,5.9493164006635775,4.427113461538462,2.1889312541599315,37.38236583222528,3638.236583222528,74.34279532390364
GGL-CAM-009,Google Ads,GGL-ACC-001,Google Campaign 09,Lead Generation,64577.15,5483162,59981,249298,32783,16216,2692635.1,85608,459,116.7,36314.88,3.76,4.546610149399196,0.2590359730122183,11.777355839568482,6.504665099599675,3.9823106808090776,1.9698365006253242,41.69640654627837,4069.6406546278367,75.4335459302869
GGL-CAM-010,Google Ads,GGL-ACC-001,Google Campaign 10,Lead Generation,89270.92,7677343,86945,352419,43583,22036,3838704.05,127296,215,98.36,38505.12,4.96,4.590377165641811,0.25330904406402605,11.627840517220605,6.252784327746235,4.051139952804502,2.048296812977537,43.00061038913904,4200.061038913904,70.12861362493716
LI-CAM-001,LinkedIn Ads,LI-ACC-001,LinkedIn Campaign 01,Lead Generation,53685.64,1837223,15819,31517,2074,1037,227734.4,64746,263,81.31,26347.54,3.66,1.7154694884616621,1.7033867436621506,29.221079858024858,3.290287781197449,51.77014464802314,25.88507232401157,4.2419984189440605,324.19984189440606,82.91730763290396
LI-CAM-002,LinkedIn Ads,LI-ACC-001,LinkedIn Campaign 02,Conversions,110657.74,3904782,39612,65204,4378,2191,473832.68,145890,280,62.89,64826.37,4.95,1.6698499429673668,1.6971004846328448,28.33903147474046,3.3602232991840992,50.505586490187135,25.27586569209685,4.281965997136757,328.19659971367565,75.85011995338954
LI-CAM-003,LinkedIn Ads,LI-ACC-001,LinkedIn Campaign 03,Lead Generation,96503.26,3283417,37007,55508,3567,1785,400992.73,132258,226,45.92,60428.64,2.98,1.6905559056312371,1.7385468761259637,29.39110688651487,3.215752684297759,54.063450980392155,27.054460330810205,4.15522470432605,315.5224704326051,72.96591510532444
LI-CAM-004,LinkedIn Ads,LI-ACC-001,LinkedIn Campaign 04,Lead Generation,96283.89,3318474,35878,54243,3433,1705,367398.85,140058,346,113.99,63513.48,3.16,1.6345766156371875,1.775047287207566,29.01450787319714,3.143262725144258,56.47148973607038,28.046574424701426,3.8157873554963344,281.57873554963345,68.745726770338
LI-CAM-005,LinkedIn Ads,LI-ACC-001,LinkedIn Campaign 05,Lead Generation,95197.87,3268378,35742,53178,3538,1763,391311.56,129876,139,102.64,54206.75,3.98,1.6270455865264055,1.7901739441122269,29.126946148823667,3.3152807551995185,53.99765740215541,26.907255511588467,4.110507514506365,311.0507514506365,73.2990467830854
LI-CAM-006,LinkedIn Ads,LI-ACC-001,LinkedIn Campaign 06,Conversions,120786.41,4252907,37243,70091,4505,2346,510860.7,146952,178,42.93,90399.14,4.65,1.6480727182607096,1.7232798790144241,28.400905545312888,3.3470773708464714,51.48610826939471,26.81163374028857,4.229455118336574,322.94551183365746,82.19446485927378
LI-CAM-007,LinkedIn Ads,LI-ACC-001,LinkedIn Campaign 07,Conversions,82056.05,2637593,25512,43585,2868,1365,291197.69,103098,183,113.89,59064.13,4.55,1.6524535817315258,1.8826672020190434,31.110201611848378,3.1318114030056208,60.114322344322346,28.61089609483961,3.5487656303222006,254.87656303222005,79.59034122873383
LI-CAM-008,LinkedIn Ads,LI-ACC-001,LinkedIn Campaign 08,Lead Generation,33323.87,1124647,11011,18705,1234,624,140771.05,43200,273,40.28,26410.44,2.02,1.6631885382702307,1.7815487837476611,29.6305151749838,3.3360064153969526,53.40363782051283,27.00475688816856,4.224330787510573,322.4330787510574,77.13858796296297
LI-CAM-009,LinkedIn Ads,LI-ACC-001,LinkedIn Campaign 09,Conversions,120826.91,4222916,47850,67402,4090,2136,468734.81,178416,463,71.92,113272.17,2.05,1.5961008933163718,1.792630930832913,28.612198300889716,3.1690454289190235,56.566905430711614,29.542031784841075,3.8793908575498617,287.9390857549862,67.72201484171823
LI-CAM-010,LinkedIn Ads,LI-ACC-001,LinkedIn Campaign 10,Conversions,38031.92,1268890,14919,20387,1276,671,153160.1,57330,130,85.45,40212.46,3.53,1.6066798540456622,1.8654986020503261,29.972590216646044,3.2913130916760682,56.679463487332335,29.805579937304074,4.027146144606951,302.71461446069515,66.33860108145822
META-CAM-001,Meta Ads,META-ACC-001,Meta Campaign 01,Conversions,89737.78,9861656,104129,279228,24787,12339,1809115.6,113916,310,82.57,67550.44,4.37,2.8314514316865242,0.32137815691836064,9.099666425192686,4.418969444325067,7.27269470783694,3.6203566385605357,20.160021787924777,1916.0021787924773,78.77539590575512
META-CAM-002,Meta Ads,META-ACC-001,Meta Campaign 02,Conversions,90317.65,10156432,99607,279719,23387,11642,1639523.59,108402,178,31.04,61364.64,2.99,2.75410695409569,0.3228870759583725,8.892655412845771,4.1620340413057395,7.757915306648342,3.8618741180997986,18.152859269478338,1715.2859269478338,83.3173280935776
META-CAM-003,Meta Ads,META-ACC-001,Meta Campaign 03,Lead Generation,85725.56999999999,10009854,124716,295786,24290,12301,1804229.09,119688,297,105.65,48616.45,4.92,2.9549481940495834,0.2898229463192984,8.564117918203403,4.158749907027378,6.96899195187383,3.529253602305475,21.04656860257681,2004.6568602576806,71.62419791457789
META-CAM-004,Meta Ads,META-ACC-001,Meta Campaign 04,Lead Generation,22688.06,2672070,34009,73586,6326,3186,461263.53,31236,258,27.41,9812.57,3.28,2.7538949204175043,0.30832033267197567,8.490817980067888,4.329627918354035,7.121173885750157,3.5864780271893775,20.33067305005364,1933.067305005364,72.63433218081701
META-CAM-005,Meta Ads,META-ACC-001,Meta Campaign 05,Website Traffic,100861.84,11610430,143286,343231,27482,13470,1816410.8800000001,138846,108,82.42,55949.27,2.42,2.9562298726231497,0.293859936893812,8.68717523812641,3.9244706917498715,7.487887156644395,3.670105523615457,18.00890088858185,1700.8900888581848,72.64295694510464
META-CAM-006,Meta Ads,META-ACC-001,Meta Campaign 06,Lead Generation,75071.72,8832076,91154,250476,20268,10240,1362774.42,95526,107,85.17,38047.83,4.42,2.8359810309603315,0.29971622031651735,8.499895154887707,4.0882160366661875,7.3312226562500005,3.70395302940596,18.152966523212733,1715.2966523212735,78.58773527625986
META-CAM-007,Meta Ads,META-ACC-001,Meta Campaign 07,Lead Generation,137557.16,15964914,160899,447344,39252,19650,2818196.39,172656,195,86.53,79189.71,2.82,2.8020445334061934,0.30749749633391754,8.616216786385445,4.392592725061697,7.000364376590331,3.504462447773362,20.487456923361897,1948.7456923361894,79.6712306551756
META-CAM-008,Meta Ads,META-ACC-001,Meta Campaign 08,Lead Generation,52779.29,6133593,63600,176777,15254,7472,1039404.43,63180,313,46.1,28552.74,3.25,2.882111675815464,0.2985642362977084,8.604954714145526,4.226794209653971,7.063609475374732,3.460029500458896,19.693414405536718,1869.3414405536719,83.53797087685977
META-CAM-009,Meta Ads,META-ACC-001,Meta Campaign 09,Conversions,106422.79,12073241,138956,337351,29723,14759,2076157.8,150882,347,117.32,62359.84,3.09,2.7942041412078162,0.3154660576076549,8.81476564577813,4.374968504613888,7.210704654786909,3.5804861555024727,19.508582701130088,1850.8582701130088,70.53378799326626
META-CAM-010,Meta Ads,META-ACC-001,Meta Campaign 10,Website Traffic,81698.35,8877384,143043,253452,22695,11442,1556435.1199999999,132492,303,72.75,93899.68,3.83,2.8550302656728603,0.3223424948313685,9.202975786560547,4.5144642772595995,7.140215871351163,3.5998391716237057,19.050998214774225,1805.0998214774224,61.66285511578058
