country_code,country_name,region,flag,latitude,longitude,sales_revenue_usd,orders_count,ad_spend_usd,aov_usd,roas,market_share_pct,growth_rate_pct,last_updated
USA,United States,North America,🇺🇸,37.0902,-95.7129,20641268.32,129656,996252.63,159.2,20.72,40.5,14.8,2026-10-02 17:20:13
GBR,United Kingdom,Europe,🇬🇧,55.3781,-3.436,5925258.2,37383,285983.11,158.5,20.72,11.62,11.2,2026-10-02 17:20:13
IND,India,Asia-Pacific,🇮🇳,20.5937,78.9629,5245310.54,45811,253165.37,114.5,20.72,10.29,28.4,2026-10-02 17:20:13
DEU,Germany,Europe,🇩🇪,51.1657,10.4515,3594009.07,22185,173465.16,162.0,20.72,7.05,9.5,2026-10-02 17:20:13
CAN,Canada,North America,🇨🇦,56.1304,-106.3468,2962629.1,18424,142991.55,160.8,20.72,5.81,12.1,2026-10-02 17:20:13
AUS,Australia,Asia-Pacific,🇦🇺,-25.2744,133.7751,2185546.06,13214,105485.57,165.4,20.72,4.29,15.6,2026-10-02 17:20:13
FRA,France,Europe,🇫🇷,46.2276,2.2137,1845572.23,11907,89076.71,155.0,20.72,3.62,8.7,2026-10-02 17:20:13
JPN,Japan,Asia-Pacific,🇯🇵,36.2048,138.2529,1554166.09,9251,75011.96,168.0,20.72,3.05,7.3,2026-10-02 17:20:13
NLD,Netherlands,Europe,🇳🇱,52.1326,5.2913,922786.11,5870,44538.35,157.2,20.72,1.81,13.9,2026-10-02 17:20:13
SGP,Singapore,Asia-Pacific,🇸🇬,1.3521,103.8198,777083.04,4505,37505.98,172.49,20.72,1.52,21.0,2026-10-02 17:20:13
BRA,Brazil,Latin America,🇧🇷,-14.235,-51.9253,728515.35,4990,35161.86,146.0,20.72,1.43,19.4,2026-10-02 17:20:13
ARE,United Arab Emirates,Middle East & Africa,🇦🇪,23.4241,53.8478,631379.97,3469,30473.61,182.01,20.72,1.24,24.5,2026-10-02 17:20:13
ITA,Italy,Europe,🇮🇹,41.8719,12.5674,534244.59,3538,25785.36,151.0,20.72,1.05,6.8,2026-10-02 17:20:13
ESP,Spain,Europe,🇪🇸,40.4637,-3.7492,437109.21,2924,21097.11,149.49,20.72,0.86,10.3,2026-10-02 17:20:13
CHE,Switzerland,Europe,🇨🇭,46.8182,8.2275,388541.52,2067,18752.99,187.97,20.72,0.76,8.1,2026-10-02 17:20:13
MEX,Mexico,Latin America,🇲🇽,23.6345,-102.5528,339973.83,2411,16408.87,141.01,20.72,0.67,16.7,2026-10-02 17:20:13
SWE,Sweden,Europe,🇸🇪,60.1282,18.6435,291406.14,1777,14064.74,163.99,20.72,0.57,11.0,2026-10-02 17:20:13
KOR,South Korea,Asia-Pacific,🇰🇷,35.9078,127.7669,242838.45,1537,11720.62,158.0,20.72,0.48,13.5,2026-10-02 17:20:13
SAU,Saudi Arabia,Middle East & Africa,🇸🇦,23.8859,45.0792,242838.45,1388,11720.62,174.96,20.72,0.48,22.8,2026-10-02 17:20:13
ZAF,South Africa,Middle East & Africa,🇿🇦,-30.5595,22.9375,194270.76,1398,9376.5,138.96,20.72,0.38,14.1,2026-10-02 17:20:13
IRL,Ireland,Europe,🇮🇪,53.1424,-7.6921,194270.76,1192,9376.5,162.98,20.72,0.38,12.4,2026-10-02 17:20:13
NZL,New Zealand,Asia-Pacific,🇳🇿,-40.9006,174.886,145703.07,905,7032.37,161.0,20.72,0.29,10.9,2026-10-02 17:20:13
BEL,Belgium,Europe,🇧🇪,50.5039,4.4699,145703.07,946,7032.37,154.02,20.72,0.29,7.9,2026-10-02 17:20:13
NOR,Norway,Europe,🇳🇴,60.472,8.4689,145703.07,852,7032.37,171.01,20.72,0.29,9.2,2026-10-02 17:20:13
POL,Poland,Europe,🇵🇱,51.9194,19.1451,97135.38,684,4688.25,142.01,20.72,0.19,17.5,2026-10-02 17:20:13
DNK,Denmark,Europe,🇩🇰,56.2639,9.5018,97135.38,585,4688.25,166.04,20.72,0.19,8.4,2026-10-02 17:20:13
ISR,Israel,Middle East & Africa,🇮🇱,31.0461,34.8516,97135.38,578,4688.25,168.05,20.72,0.19,15.0,2026-10-02 17:20:13
ARG,Argentina,Latin America,🇦🇷,-38.4161,-63.6167,72851.54,528,3516.19,137.98,20.72,0.14,18.2,2026-10-02 17:20:13
CHL,Chile,Latin America,🇨🇱,-35.6751,-71.543,72851.54,506,3516.19,143.98,20.72,0.14,14.3,2026-10-02 17:20:13
MYS,Malaysia,Asia-Pacific,🇲🇾,4.2105,101.9758,72851.54,536,3516.19,135.92,20.72,0.14,20.1,2026-10-02 17:20:13
IDN,Indonesia,Asia-Pacific,🇮🇩,-0.7893,113.9213,72851.54,569,3516.19,128.03,20.72,0.14,25.6,2026-10-02 17:20:13
PHL,Philippines,Asia-Pacific,🇵🇭,12.8797,121.774,72851.54,556,3516.19,131.03,20.72,0.14,23.0,2026-10-02 17:20:13
