campaign_id,platform,account_id,campaign_name,objective,owner,start_date,end_date,currency,budget_type,daily_budget,total_budget,approved_budget,target_conversions,target_CPA,target_revenue,target_ROAS,budget_version_date
GGL-CAM-001,Google Ads,GGL-ACC-001,Google Campaign 01,Lead Generation,Owner 3,2026-01-29,2026-06-16,USD,Monthly,26575,159450,159450,294,39.82,52002.64,3.8,2026-01-01
GGL-CAM-002,Google Ads,GGL-ACC-001,Google Campaign 02,Conversions,Owner 4,2026-02-05,2026-06-23,USD,Monthly,21023,126138,126138,493,30.36,49894.21,3.95,2026-01-01
GGL-CAM-003,Google Ads,GGL-ACC-001,Google Campaign 03,Lead Generation,Owner 1,2026-01-21,2026-06-30,USD,Monthly,25939,155634,155634,128,25.67,83442.95,3.83,2026-01-01
GGL-CAM-004,Google Ads,GGL-ACC-001,Google Campaign 04,Lead Generation,Owner 4,2026-01-28,2026-06-15,USD,Monthly,5189,31134,31134,134,83.75,23115.56,2.27,2026-01-01
GGL-CAM-005,Google Ads,GGL-ACC-001,Google Campaign 05,Website Traffic,Owner 4,2026-02-06,2026-06-12,USD,Monthly,13838,83028,83028,168,31.18,60986.92,2.51,2026-01-01
GGL-CAM-006,Google Ads,GGL-ACC-001,Google Campaign 06,Conversions,Owner 5,2026-01-09,2026-06-29,USD,Monthly,27619,165714,165714,343,36.59,52278.6,3.32,2026-01-01
GGL-CAM-007,Google Ads,GGL-ACC-001,Google Campaign 07,Conversions,Owner 2,2026-02-05,2026-06-13,USD,Monthly,8943,53658,53658,339,65.39,20560.91,4.27,2026-01-01
GGL-CAM-008,Google Ads,GGL-ACC-001,Google Campaign 08,Conversions,Owner 4,2026-01-26,2026-06-19,USD,Monthly,5161,30966,30966,269,113.03,13823.18,3.19,2026-01-01
GGL-CAM-009,Google Ads,GGL-ACC-001,Google Campaign 09,Lead Generation,Owner 4,2026-01-18,2026-06-16,USD,Monthly,14268,85608,85608,459,116.7,36314.88,3.76,2026-01-01
GGL-CAM-010,Google Ads,GGL-ACC-001,Google Campaign 10,Lead Generation,Owner 4,2026-02-14,2026-06-30,USD,Monthly,21216,127296,127296,215,98.36,38505.12,4.96,2026-01-01
META-CAM-001,Meta Ads,META-ACC-001,Meta Campaign 01,Conversions,Owner 2,2026-01-17,2026-06-23,USD,Monthly,18986,113916,113916,310,82.57,67550.44,4.37,2026-01-01
META-CAM-002,Meta Ads,META-ACC-001,Meta Campaign 02,Conversions,Owner 5,2026-01-09,2026-06-23,USD,Monthly,18067,108402,108402,178,31.04,61364.64,2.99,2026-01-01
META-CAM-003,Meta Ads,META-ACC-001,Meta Campaign 03,Lead Generation,Owner 5,2026-02-04,2026-06-30,USD,Monthly,19948,119688,119688,297,105.65,48616.45,4.92,2026-01-01
META-CAM-004,Meta Ads,META-ACC-001,Meta Campaign 04,Lead Generation,Owner 5,2026-01-27,2026-06-22,USD,Monthly,5206,31236,31236,258,27.41,9812.57,3.28,2026-01-01
META-CAM-005,Meta Ads,META-ACC-001,Meta Campaign 05,Website Traffic,Owner 3,2026-02-01,2026-06-27,USD,Monthly,23141,138846,138846,108,82.42,55949.27,2.42,2026-01-01
META-CAM-006,Meta Ads,META-ACC-001,Meta Campaign 06,Lead Generation,Owner 4,2026-01-22,2026-06-29,USD,Monthly,15921,95526,95526,107,85.17,38047.83,4.42,2026-01-01
META-CAM-007,Meta Ads,META-ACC-001,Meta Campaign 07,Lead Generation,Owner 1,2026-01-11,2026-06-24,USD,Monthly,28776,172656,172656,195,86.53,79189.71,2.82,2026-01-01
META-CAM-008,Meta Ads,META-ACC-001,Meta Campaign 08,Lead Generation,Owner 3,2026-01-06,2026-06-23,USD,Monthly,10530,63180,63180,313,46.1,28552.74,3.25,2026-01-01
META-CAM-009,Meta Ads,META-ACC-001,Meta Campaign 09,Conversions,Owner 4,2026-02-01,2026-06-22,USD,Monthly,25147,150882,150882,347,117.32,62359.84,3.09,2026-01-01
META-CAM-010,Meta Ads,META-ACC-001,Meta Campaign 10,Website Traffic,Owner 5,2026-02-06,2026-06-14,USD,Monthly,22082,132492,132492,303,72.75,93899.68,3.83,2026-01-01
LI-CAM-001,LinkedIn Ads,LI-ACC-001,LinkedIn Campaign 01,Lead Generation,Owner 3,2026-01-02,2026-06-19,USD,Monthly,10791,64746,64746,263,81.31,26347.54,3.66,2026-01-01
LI-CAM-002,LinkedIn Ads,LI-ACC-001,LinkedIn Campaign 02,Conversions,Owner 1,2026-01-24,2026-06-26,USD,Monthly,24315,145890,145890,280,62.89,64826.37,4.95,2026-01-01
LI-CAM-003,LinkedIn Ads,LI-ACC-001,LinkedIn Campaign 03,Lead Generation,Owner 2,2026-01-29,2026-06-28,USD,Monthly,22043,132258,132258,226,45.92,60428.64,2.98,2026-01-01
LI-CAM-004,LinkedIn Ads,LI-ACC-001,LinkedIn Campaign 04,Lead Generation,Owner 1,2026-02-10,2026-06-30,USD,Monthly,23343,140058,140058,346,113.99,63513.48,3.16,2026-01-01
LI-CAM-005,LinkedIn Ads,LI-ACC-001,LinkedIn Campaign 05,Lead Generation,Owner 1,2026-01-23,2026-06-21,USD,Monthly,21646,129876,129876,139,102.64,54206.75,3.98,2026-01-01
LI-CAM-006,LinkedIn Ads,LI-ACC-001,LinkedIn Campaign 06,Conversions,Owner 1,2026-01-12,2026-06-26,USD,Monthly,24492,146952,146952,178,42.93,90399.14,4.65,2026-01-01
LI-CAM-007,LinkedIn Ads,LI-ACC-001,LinkedIn Campaign 07,Conversions,Owner 4,2026-01-20,2026-06-30,USD,Monthly,17183,103098,103098,183,113.89,59064.13,4.55,2026-01-01
LI-CAM-008,LinkedIn Ads,LI-ACC-001,LinkedIn Campaign 08,Lead Generation,Owner 2,2026-01-25,2026-06-28,USD,Monthly,7200,43200,43200,273,40.28,26410.44,2.02,2026-01-01
LI-CAM-009,LinkedIn Ads,LI-ACC-001,LinkedIn Campaign 09,Conversions,Owner 4,2026-02-10,2026-06-27,USD,Monthly,29736,178416,178416,463,71.92,113272.17,2.05,2026-01-01
LI-CAM-010,LinkedIn Ads,LI-ACC-001,LinkedIn Campaign 10,Conversions,Owner 5,2026-02-02,2026-06-15,USD,Monthly,9555,57330,57330,130,85.45,40212.46,3.53,2026-01-01
